Portfolio,Expected Return,Net Return,Volatility,Sharpe Ratio,Weighted Fee,Growth Allocation,Defensive Allocation,Diversification Ratio,Effective N Assets,Max Weight,Turnover vs Min-Var,Tracking Error vs Min-Var,Information Ratio vs Min-Var
Min-Variance,0.06283102473646798,0.061252024736467986,0.048480418300216335,0.8834706101592538,0.001579,0.6699999999999999,0.3300000000000002,1.3357567299176871,4.633920296570899,0.3,0.0,0.0,0.0
Utility,0.06275781911226448,0.061190819112264476,0.050267625250112205,0.8506035226354568,0.0015670000000000026,0.670000000000001,0.33000000000000007,1.313652580990688,5.005005005004991,0.270000000000001,0.15999999999999967,0.004582059592847633,-0.015976576192455356
Blended (30% Utility / 70% Min-Var),0.06280906304920691,0.06123366304920692,0.04897843309822063,0.8740390482349292,0.0015754,0.6699999999999999,0.33000000000000007,1.3299913060511586,4.913425443682318,0.2910000000000002,0.047999999999999945,0.0013746178778542822,-0.01597657619246857
