Expected_Return,Net_Expected_Return,Volatility,Sharpe_Ratio,Growth_Allocation,Defensive_Allocation,Weighted_Fee
0.06181882985861255,0.060275829858612545,0.0460296306228654,0.908519779383997,0.6399999999999999,0.36,0.0015429999999999999
