Profile,Growth %,Defensive %,Expected Return,Net Expected Return,Weighted Fee,Volatility,Sharpe Ratio,Exponential Utility,Downside Volatility,Sortino Ratio,P(Negative Year),Max Drawdown
Defensive,30.0,70.0,0.055939999996589655,0.05492714590596398,0.0010128540906256737,0.03822322008345386,0.9402661502123794,-0.945595869943779,0.030497717168757845,1.1784488589003947,0.07692307692307693,0.09516353834787594
Balanced,70.0,30.0,0.06181882985861255,0.060275829858612545,0.0015429999999999999,0.0460296306228654,0.908519779383997,-0.9400531809322176,0.03672633161344308,1.1386606835327227,0.07692307692307693,0.1610421268438249
Aggressive,90.0,10.0,0.07309367782171967,0.0714785855034338,0.0016150923182858725,0.06664361708724152,0.7966806146223432,-0.9295137511237117,0.05317391314996804,0.9984910772313845,0.19230769230769232,0.2733011242502401
